-- Seed initial data for Services table
INSERT INTO "Services" (id, name, description, technical_skills_tools, created_at)
VALUES 
  ('graphic-design', 'Graphic Design', 'Eye-catching visuals and designs that communicate your brand''s message effectively.', ARRAY['Adobe Photoshop', 'Adobe Illustrator', 'Adobe InDesign', 'Figma', 'Sketch', 'Color Theory', 'Typography', 'Layout Design'], NOW()),
  ('web-development', 'Web Development', 'Custom websites and web applications built with the latest technologies.', ARRAY['HTML5', 'CSS3', 'JavaScript', 'React', 'Node.js', 'PHP', 'WordPress', 'Shopify', 'SEO', 'Responsive Design', 'Web Accessibility'], NOW()),
  ('content-creation', 'Content Creation', 'Engaging and SEO-optimized content that resonates with your audience.', ARRAY['Copywriting', 'Blog Writing', 'SEO Content', 'Email Marketing', 'Social Media Content', 'Content Strategy', 'Editing', 'Proofreading'], NOW()),
  ('logo-design', 'Logo Design', 'Professional and memorable logos that capture your brand''s essence.', ARRAY['Brand Identity', 'Vector Graphics', 'Color Theory', 'Typography'], NOW()),
  ('social-media-management', 'Social Media Management', 'Strategic social media presence that builds community and drives engagement.', ARRAY['Social Media Strategy', 'Content Calendar Planning', 'Community Management', 'Social Media Analytics', 'Paid Social Campaigns', 'Influencer Outreach', 'Platform-Specific Content Creation'], NOW())
ON CONFLICT (id) DO NOTHING;

-- Seed initial data for ServiceDetails table
INSERT INTO "ServiceDetails" (id, name, description, service_id, details, long_description, process, benefits, cta, graphic_design_portfolio, created_at)
VALUES 
  ('graphic-design', 'Graphic Design', 'Eye-catching visuals and designs that communicate your brand''s message effectively.', 'graphic-design', 
   'Our graphic design services focus on creating visually appealing and effective designs that help your brand stand out.',
   'Our graphic design team combines creativity with strategic thinking to deliver designs that not only look great but also achieve your business objectives. We work closely with you to understand your brand, target audience, and goals to create designs that resonate with your customers and drive results.',
   '[{"title":"Discovery","description":"We start by understanding your brand, target audience, and design objectives through in-depth consultations.","icon":"search"},{"title":"Concept Development","description":"Our designers create initial concepts based on your requirements and brand guidelines.","icon":"lightbulb"},{"title":"Refinement","description":"We refine the chosen concept based on your feedback, ensuring every detail meets your expectations.","icon":"edit"},{"title":"Finalization","description":"The final designs are prepared in all required formats for various applications and platforms.","icon":"check-circle"}]',
   ARRAY['Increased brand recognition and recall', 'Improved customer perception and trust', 'Consistent visual identity across all touchpoints', 'Enhanced marketing effectiveness', 'Professional image that stands out from competitors', 'Designs optimized for both print and digital media'],
   '{"title":"Ready to elevate your brand with stunning designs?","description":"Contact us today to discuss your graphic design needs and how we can help your brand stand out visually."}',
   ARRAY['https://images.unsplash.com/photo-1626785774573-4b799315345d?w=800&q=80', 'https://images.unsplash.com/photo-1626785774625-ddcddc3445e9?w=800&q=80', 'https://images.unsplash.com/photo-1611532736637-13a8bdf96127?w=800&q=80', 'https://images.unsplash.com/photo-1561070791-2526d30994b5?w=800&q=80', 'https://images.unsplash.com/photo-1600697394936-59934aa5951f?w=800&q=80', 'https://images.unsplash.com/photo-1634942536790-dad8f9ff3bae?w=800&q=80'],
   NOW()),
   
  ('web-development', 'Web Development', 'Custom websites and web applications built with the latest technologies.', 'web-development', 
   'Our web development team creates responsive, user-friendly websites and applications that provide an exceptional user experience.',
   'We design and develop websites that not only look great but also perform exceptionally well. Our web development approach focuses on creating responsive, fast-loading, and user-friendly websites that drive conversions and provide an excellent user experience.',
   '[{"title":"Discovery & Planning","description":"We gather requirements, define project scope, and create a detailed roadmap for your web development project.","icon":"clipboard"},{"title":"Design & Prototyping","description":"Our designers create wireframes and visual designs for your approval before any coding begins.","icon":"layout"},{"title":"Development","description":"Our developers build your website or application using clean, efficient code and the latest technologies.","icon":"code"},{"title":"Testing & Launch","description":"We thoroughly test across devices and browsers before launching your site with proper SEO configuration.","icon":"check-circle"}]',
   ARRAY['Mobile-responsive design that works on all devices', 'Fast-loading pages that improve user experience and SEO', 'Intuitive navigation and user interface', 'Search engine optimized structure and content', 'Secure and reliable hosting solutions', 'Ongoing support and maintenance options'],
   '{"title":"Ready to build a website that drives results?","description":"Contact us today to discuss your web development project and how we can help you achieve your online goals."}',
   ARRAY['https://images.unsplash.com/photo-1547658719-da2b51169166?w=800&q=80', 'https://images.unsplash.com/photo-1551288049-bebda4e38f71?w=800&q=80', 'https://images.unsplash.com/photo-1522542550221-31fd19575a2d?w=800&q=80', 'https://images.unsplash.com/photo-1467232004584-a241de8bcf5d?w=800&q=80', 'https://images.unsplash.com/photo-1555066931-4365d14bab8c?w=800&q=80', 'https://images.unsplash.com/photo-1555949963-ff9fe0c870eb?w=800&q=80'],
   NOW()),
   
  ('content-creation', 'Content Creation', 'Engaging and SEO-optimized content that resonates with your audience.', 'content-creation', 
   'Our content creation services help you tell your brand''s story in a compelling way that engages your audience and drives conversions.',
   'Great content is the foundation of effective digital marketing. Our content creation services help you develop high-quality, engaging content that resonates with your target audience and supports your business objectives.',
   '[{"title":"Content Strategy","description":"We develop a comprehensive content strategy aligned with your business goals and target audience needs.","icon":"target"},{"title":"Research & Planning","description":"Our team conducts thorough research on topics, keywords, and competitor content to inform our approach.","icon":"search"},{"title":"Content Creation","description":"Our writers craft engaging, informative content that speaks to your audience and reflects your brand voice.","icon":"edit-3"},{"title":"Optimization & Distribution","description":"We optimize content for search engines and help distribute it across appropriate channels for maximum impact.","icon":"share-2"}]',
   ARRAY['Increased organic traffic through SEO-optimized content', 'Enhanced brand authority and thought leadership', 'Improved audience engagement and time on site', 'Higher conversion rates with strategic calls-to-action', 'Consistent brand voice across all content', 'Content tailored to different stages of the customer journey'],
   '{"title":"Ready to create content that connects and converts?","description":"Contact us today to discuss your content needs and how we can help you tell your brand''s story effectively."}',
   ARRAY['https://images.unsplash.com/photo-1499750310107-5fef28a66643?w=800&q=80', 'https://images.unsplash.com/photo-1434030216411-0b793f4b4173?w=800&q=80', 'https://images.unsplash.com/photo-1455390582262-044cdead277a?w=800&q=80', 'https://images.unsplash.com/photo-1488190211105-8b0e65b80b4e?w=800&q=80', 'https://images.unsplash.com/photo-1499951360447-b19be8fe80f5?w=800&q=80', 'https://images.unsplash.com/photo-1501504905252-473c47e087f8?w=800&q=80'],
   NOW()),
   
  ('logo-design', 'Logo Design', 'Professional and memorable logos that capture your brand''s essence.', 'logo-design', 
   'Our logo design process is thorough and collaborative, creating logos that are not only visually appealing but also meaningful and memorable.',
   'A logo is the cornerstone of your brand identity. Our logo design service focuses on creating distinctive, versatile, and timeless logos that effectively communicate your brand''s values and personality.',
   '[{"title":"Brand Analysis","description":"We conduct a thorough analysis of your brand values, target audience, and competitors to inform the design direction.","icon":"search"},{"title":"Sketching & Concepts","description":"Our designers develop multiple concept sketches exploring different visual approaches for your logo.","icon":"pen-tool"},{"title":"Digital Rendering","description":"The most promising concepts are digitally rendered and refined with attention to typography, color, and proportion.","icon":"monitor"},{"title":"Finalization & Delivery","description":"After your approval, we prepare the final logo in various formats for different applications and provide a brand style guide.","icon":"package"}]',
   ARRAY['Instant brand recognition in the marketplace', 'Professional image that builds customer trust', 'Versatile design that works across all media', 'Distinctive visual identity that sets you apart from competitors', 'Scalable logo that maintains quality at any size', 'Comprehensive file formats for all applications'],
   '{"title":"Ready to create a logo that makes a lasting impression?","description":"Contact us today to start the process of designing a logo that perfectly represents your brand."}',
   ARRAY['https://images.unsplash.com/photo-1629429407759-01cd3d7cfb38?w=800&q=80', 'https://images.unsplash.com/photo-1636633762833-5d1658f1e29b?w=800&q=80', 'https://images.unsplash.com/photo-1599305445671-ac291c95aaa9?w=800&q=80', 'https://images.unsplash.com/photo-1599305445688-d69d165b6308?w=800&q=80', 'https://images.unsplash.com/photo-1626785774573-4b799315345d?w=800&q=80', 'https://images.unsplash.com/photo-1626785774625-ddcddc3445e9?w=800&q=80'],
   NOW()),
   
  ('social-media-management', 'Social Media Management', 'Strategic social media presence that builds community and drives engagement.', 'social-media-management', 
   'Our social media management services help you build and maintain a strong presence on the platforms that matter most to your audience.',
   'Effective social media management is about more than just posting content—it''s about creating meaningful connections with your audience. Our social media management services help you develop and implement a strategic approach to social media that builds your brand, engages your audience, and drives measurable results.',
   '[{"title":"Strategy Development","description":"We create a customized social media strategy based on your business goals, target audience, and competitive landscape.","icon":"compass"},{"title":"Content Planning & Creation","description":"Our team develops engaging content tailored to each platform and aligned with your brand voice and marketing objectives.","icon":"calendar"},{"title":"Community Management","description":"We actively engage with your audience, respond to comments and messages, and build meaningful relationships with followers.","icon":"users"},{"title":"Analysis & Optimization","description":"We continuously monitor performance metrics and optimize your strategy to improve results and ROI.","icon":"bar-chart-2"}]',
   ARRAY['Increased brand awareness and visibility', 'Stronger customer relationships and loyalty', 'Higher website traffic from social referrals', 'Improved customer insights through social listening', 'Enhanced reputation management', 'Competitive advantage through strategic social presence'],
   '{"title":"Ready to build a powerful social media presence?","description":"Contact us today to discuss your social media goals and how we can help you connect with your audience effectively."}',
   ARRAY['https://images.unsplash.com/photo-1611162617213-7d7a39e9b1d7?w=800&q=80', 'https://images.unsplash.com/photo-1611162616305-c69b3396004b?w=800&q=80', 'https://images.unsplash.com/photo-1611162618071-b39a2ec055fb?w=800&q=80', 'https://images.unsplash.com/photo-1563986768494-4dee2763ff3f?w=800&q=80', 'https://images.unsplash.com/photo-1611605698335-8b1569810432?w=800&q=80', 'https://images.unsplash.com/photo-1562577309-4932fdd64cd1?w=800&q=80'],
   NOW())
ON CONFLICT (id) DO NOTHING;

-- Seed initial data for FAQs table
INSERT INTO "FAQs" (question, answer, service_id, created_at)
VALUES 
  ('What types of graphic design services do you offer?', 'We offer a wide range of graphic design services including brand identity design, marketing materials, social media graphics, packaging design, infographics, presentation design, and more.', 'graphic-design', NOW()),
  ('How long does a typical graphic design project take?', 'Project timelines vary depending on complexity and scope. A logo design might take 2-3 weeks, while a complete brand identity package could take 4-6 weeks. We''ll provide a detailed timeline during our initial consultation.', 'graphic-design', NOW()),
  ('Do you provide source files of the designs?', 'Yes, we provide all source files and assets upon project completion, giving you full ownership of your designs.', 'graphic-design', NOW()),
  ('Can you work with our existing brand guidelines?', 'Absolutely! We can work within your existing brand guidelines to ensure consistency across all materials.', 'graphic-design', NOW()),
  
  ('How long does it take to build a website?', 'The timeline varies depending on the complexity of the project. A basic informational website might take 4-6 weeks, while a custom e-commerce site could take 8-12 weeks or more. We''ll provide a detailed timeline during our planning phase.', 'web-development', NOW()),
  ('Do you provide website maintenance after launch?', 'Yes, we offer various maintenance packages to keep your website secure, up-to-date, and performing optimally. This includes regular updates, security monitoring, backups, and technical support.', 'web-development', NOW()),
  ('Will my website be mobile-friendly?', 'Absolutely! All our websites are built with a mobile-first approach, ensuring they look and function perfectly on all devices, from smartphones and tablets to desktop computers.', 'web-development', NOW()),
  ('Do you help with domain registration and hosting?', 'Yes, we can assist with domain registration and recommend appropriate hosting solutions based on your website''s needs. We can also handle the entire setup process for you.', 'web-development', NOW()),
  
  ('What types of content do you create?', 'We create a wide range of content including blog posts, articles, website copy, email newsletters, social media content, case studies, whitepapers, ebooks, product descriptions, video scripts, and more.', 'content-creation', NOW()),
  ('How do you ensure content is SEO-friendly?', 'We conduct keyword research to identify relevant terms, then strategically incorporate these keywords into the content while maintaining readability and engagement. We also optimize meta descriptions, headings, and other on-page elements.', 'content-creation', NOW()),
  ('Can you match our brand''s tone and voice?', 'Absolutely! We take time to understand your brand''s unique voice and tone, and ensure all content consistently reflects your brand personality whether it''s professional, conversational, technical, or playful.', 'content-creation', NOW()),
  ('How often should we publish new content?', 'The ideal publishing frequency depends on your goals, resources, and audience. We''ll help you develop a content calendar that balances consistency with quality, ensuring you publish often enough to engage your audience without sacrificing content value.', 'content-creation', NOW()),
  
  ('How many logo concepts will I receive?', 'Our standard package includes 3-5 initial concepts. After you select your preferred direction, we''ll refine that concept through several iterations based on your feedback.', 'logo-design', NOW()),
  ('Do I own the copyright to my logo?', 'Yes, once the project is complete and final payment is made, you own all rights to your logo design.', 'logo-design', NOW()),
  ('What file formats will I receive for my logo?', 'We provide your logo in all industry-standard formats including AI, EPS, PDF, PNG, JPG, and SVG, ensuring you have the right format for any application.', 'logo-design', NOW()),
  ('Can you redesign my existing logo?', 'Absolutely! We can either refresh your current logo while maintaining its recognition or create a completely new design if you''re looking for a major rebrand.', 'logo-design', NOW()),
  
  ('Which social media platforms do you manage?', 'We manage all major social media platforms including Facebook, Instagram, Twitter, LinkedIn, TikTok, Pinterest, and YouTube. We''ll help you identify which platforms are most relevant for your business and target audience.', 'social-media-management', NOW()),
  ('How often will you post on our social media accounts?', 'Posting frequency depends on the platform and your specific goals. Generally, we recommend posting 3-5 times per week on Facebook and LinkedIn, 5-7 times per week on Instagram, and more frequently on Twitter. We''ll develop a custom posting schedule as part of your strategy.', 'social-media-management', NOW()),
  ('Do you handle paid social media advertising?', 'Yes, we offer comprehensive paid social media advertising services including strategy development, ad creation, audience targeting, campaign management, and performance analysis across all major social platforms.', 'social-media-management', NOW()),
  ('How do you measure social media success?', 'We track various metrics depending on your goals, including engagement rates, follower growth, reach, impressions, click-through rates, conversions, and ROI. We provide regular reports that show progress toward your specific objectives.', 'social-media-management', NOW()),
  
  ('What makes Why Media different from other agencies?', 'We focus on understanding the "why" behind your brand before creating any solutions. Our approach combines strategic thinking with creative execution, ensuring that every project is not just visually appealing but also aligned with your business goals.', NULL, NOW()),
  ('Do you work with clients internationally?', 'Yes, we work with clients from around the world. Our digital workflow allows us to collaborate effectively regardless of location, and we have experience working across different time zones.', NULL, NOW()),
  ('What is your typical process for new clients?', 'Our process typically begins with a discovery phase where we learn about your business, goals, and challenges. We then develop a strategic plan, present creative concepts, refine based on your feedback, and finally implement the solution. Throughout the process, we maintain open communication and regular updates.', NULL, NOW()),
  ('How do you price your services?', 'Our pricing is based on the scope, complexity, and timeline of each project. We offer both project-based pricing and retainer options depending on your needs. We''re happy to provide a detailed quote after understanding your specific requirements.', NULL, NOW());
